State,Year,Source,Item,Voting_Equipment,Election_Auditing,Voter_Registration_Systems,Cyber_Security,Communications,Other_F,Other_G,Other_COVID,Totals,budget_period_start,budget_period_end,Other_F_description,Other_G_description
CT,2020,EAC correspondence,1. PERSONNEL (including fringe),0,0,0,250577.6,0,0,0,0,250577.6,3/23/2018,Until Expended,,
CT,2020,EAC correspondence,2. EQUIPMENT,75000,0,5680609.01,0,0,553544,0,0,6309153.01,3/23/2018,Until Expended,,
CT,2020,EAC correspondence,3. SUBGRANTS to local voting jurisdictions,0,0,0,42000,0,1568286.03,0,0,1610286.03,3/23/2018,Until Expended,,
CT,2020,EAC correspondence,4. TRAINING,0,0,0,367706.63,0,215000,0,0,582706.63,3/23/2018,Until Expended,,
CT,2020,EAC correspondence,5. All OTHER COSTS,660400,0,0,150000,0,1313174.73,0,0,2123574.73,3/23/2018,Until Expended,,
CT,2020,EAC correspondence,6. TOTAL DIRECT COSTS,735400,0,5680609.01,810284.23,0,3650004.76,0,0,10876298,3/23/2018,Until Expended,,
CT,2020,EAC correspondence,7. INDIRECT COSTS (if applied),0,0,0,0,0,0,0,0,0,3/23/2018,Until Expended,,
CT,2020,EAC correspondence,8. Total Federal Budget,735400,0,5680609.01,810284.23,0,3650004.76,0,0,10876298,3/23/2018,Until Expended,,
CT,2020,EAC correspondence,11. NonFederal Match,1000000,407176,0,0,0,0,0,0,1407176,3/23/2018,Until Expended,,
CT,2020,EAC correspondence,12. Total Program Budget,1735400,407176,5680609.01,810284.23,0,3650004.76,0,0,12283474,3/23/2018,Until Expended,,
AL,2020,EAC correspondence,1. PERSONNEL (including fringe),0,0,0,0,0,0,0,0,0,3/23/2018,9/30/2024,Voter Registration Security Equipment,Election Security
AL,2020,EAC correspondence,2. EQUIPMENT,3301000,800000,0,2360393,0,0,0,0,9788416,3/23/2018,9/30/2024,Voter Registration Security Equipment,Election Security
AL,2020,EAC correspondence,3. SUBGRANTS to local voting jurisdictions,0,0,0,0,0,0,0,0,0,3/23/2018,9/30/2024,Voter Registration Security Equipment,Election Security
AL,2020,EAC correspondence,4. TRAINING,0,0,0,0,0,0,0,0,0,3/23/2018,9/30/2024,Voter Registration Security Equipment,Election Security
AL,2020,EAC correspondence,5. All OTHER COSTS,0,0,3000000,0,0,0,0,300000,3300000,3/23/2018,9/30/2024,Voter Registration Security Equipment,Election Security
AL,2020,EAC correspondence,6. TOTAL DIRECT COSTS,3301000,800000,3000000,2360393,0,0,0,300000,13088416,3/23/2018,9/30/2024,Voter Registration Security Equipment,Election Security
AL,2020,EAC correspondence,7. INDIRECT COSTS (if applied),0,0,0,0,0,0,0,0,0,3/23/2018,9/30/2024,Voter Registration Security Equipment,Election Security
AL,2020,EAC correspondence,8. Total Federal Budget,3301000,800000,3000000,2360393,0,0,0,300000,13088416,3/23/2018,9/30/2024,Voter Registration Security Equipment,Election Security
AL,2020,EAC correspondence,11. NonFederal Match,439000,0,0,0,0,308020,0,200000,1693624,3/23/2018,9/30/2024,Voter Registration Security Equipment,Election Security
AL,2020,EAC correspondence,12. Total Program Budget,3740000,800000,3000000,2360393,0,308020,0,500000,14782040,3/23/2018,9/30/2024,Voter Registration Security Equipment,Election Security
AR,2020,EAC correspondence,1. PERSONNEL (including fringe),0,0,0,0,0,0,0,0,0,3/23/2018,9/30/2024,,
AR,2020,EAC correspondence,2. EQUIPMENT,6728806,0,250000,72254,0,0,0,0,7051060,3/23/2018,9/30/2024,,
AR,2020,EAC correspondence,3. SUBGRANTS to local voting jurisdictions,0,0,0,0,0,0,0,0,0,3/23/2018,9/30/2024,,
AR,2020,EAC correspondence,4. TRAINING,0,0,0,150000,0,0,0,0,150000,3/23/2018,9/30/2024,,
AR,2020,EAC correspondence,5. All OTHER COSTS,0,0,707980,785960,8000,800000,0,0,2301940,3/23/2018,9/30/2024,,
AR,2020,EAC correspondence,6. TOTAL DIRECT COSTS,6728806,0,957980,1008214,8000,800000,0,0,9503000,3/23/2018,9/30/2024,,
AR,2020,EAC correspondence,7. INDIRECT COSTS (if applied),0,0,0,0,0,0,0,0,0,3/23/2018,9/30/2024,,
AR,2020,EAC correspondence,8. Total Federal Budget,6728806,0,957980,1008214,8000,800000,0,0,9503000,3/23/2018,9/30/2024,,
AR,2020,EAC correspondence,11. NonFederal Match,1229348,0,0,0,0,0,0,0,1229348,3/23/2018,9/30/2024,,
AR,2020,EAC correspondence,12. Total Program Budget,7958154,0,957980,1008214,8000,800000,0,0,10732348,3/23/2018,9/30/2024,,
CA,2020,EAC correspondence,1. PERSONNEL (including fringe),0,0,0,4564000,0,1814249,0,0,6378249,12/21/2019,12/20/2024,Personnel Costs,Polling Place Accessibility
CA,2020,EAC correspondence,2. EQUIPMENT,20000000,400000,4000000,5000000,0,0,0,0,29400000,12/21/2019,12/20/2024,Personnel Costs,Polling Place Accessibility
CA,2020,EAC correspondence,3. SUBGRANTS to local voting jurisdictions,0,0,0,0,0,0,0,0,0,12/21/2019,12/20/2024,Personnel Costs,Polling Place Accessibility
CA,2020,EAC correspondence,4. TRAINING,0,0,0,3000000,0,0,0,0,6128000,12/21/2019,12/20/2024,Personnel Costs,Polling Place Accessibility
CA,2020,EAC correspondence,5. All OTHER COSTS,28996137,0,2600000,0,0,0,0,0,31596137,12/21/2019,12/20/2024,Personnel Costs,Polling Place Accessibility
CA,2020,EAC correspondence,6. TOTAL DIRECT COSTS,48996137,400000,6600000,12564000,0,1814249,0,0,73502386,12/21/2019,12/20/2024,Personnel Costs,Polling Place Accessibility
CA,2020,EAC correspondence,7. INDIRECT COSTS (if applied),0,0,0,0,0,0,0,0,0,12/21/2019,12/20/2024,Personnel Costs,Polling Place Accessibility
CA,2020,EAC correspondence,8. Total Federal Budget,48996137,400000,6600000,12564000,0,1814249,0,0,73502386,12/21/2019,12/20/2024,Personnel Costs,Polling Place Accessibility
CA,2020,EAC correspondence,11. NonFederal Match,6343724.645,51789.59023,854528.2388,1626711.029,0,234898.0307,0,0,9516646.13,12/21/2019,12/20/2024,Personnel Costs,Polling Place Accessibility
CA,2020,EAC correspondence,12. Total Program Budget,55339861.65,451789.5902,7454528.239,14190711.03,0,2049147.031,0,0,83019032.13,12/21/2019,12/20/2024,Personnel Costs,Polling Place Accessibility
DC,2020,EAC correspondence,1. PERSONNEL (including fringe),0,0,0,0,0,400000,0,0,400000,3/23/2018,Until Expended,Election Operations,
DC,2020,EAC correspondence,2. EQUIPMENT,0,0,0,0,0,2100000,0,0,2100000,3/23/2018,Until Expended,Election Operations,
DC,2020,EAC correspondence,3. SUBGRANTS to local voting jurisdictions,0,0,0,0,0,0,0,0,0,3/23/2018,Until Expended,Election Operations,
DC,2020,EAC correspondence,4. TRAINING,0,0,0,0,0,30000,0,0,30000,3/23/2018,Until Expended,Election Operations,
DC,2020,EAC correspondence,5. All OTHER COSTS,0,0,0,0,0,3470000,0,0,3470000,3/23/2018,Until Expended,Election Operations,
DC,2020,EAC correspondence,6. TOTAL DIRECT COSTS,0,0,0,0,0,6000000,0,0,6000000,3/23/2018,Until Expended,Election Operations,
DC,2020,EAC correspondence,7. INDIRECT COSTS (if applied),0,0,0,0,0,0,0,0,0,3/23/2018,Until Expended,Election Operations,
DC,2020,EAC correspondence,8. Total Federal Budget,0,0,0,0,0,6000000,0,0,6000000,3/23/2018,Until Expended,Election Operations,
DC,2020,EAC correspondence,11. NonFederal Match,0,0,0,0,0,750000,0,0,750000,3/23/2018,Until Expended,Election Operations,
DC,2020,EAC correspondence,12. Total Program Budget,0,0,0,0,0,6750000,0,0,6750000,3/23/2018,Until Expended,Election Operations,
DE,2020,EAC correspondence,1. PERSONNEL (including fringe),0,0,0,0,0,0,0,0,0,3/23/2018,3/22/2023,,
DE,2020,EAC correspondence,2. EQUIPMENT,1342010.12,0,3000000,0,0,0,0,0,4342010.12,3/23/2018,3/22/2023,,
DE,2020,EAC correspondence,3. SUBGRANTS to local voting jurisdictions,0,0,0,0,0,0,0,0,0,3/23/2018,3/22/2023,,
DE,2020,EAC correspondence,4. TRAINING,0,0,0,0,0,0,0,0,0,3/23/2018,3/22/2023,,
DE,2020,EAC correspondence,5. All OTHER COSTS,0,0,0,755910.98,151279.55,787302.35,0,0,1694492.88,3/23/2018,3/22/2023,,
DE,2020,EAC correspondence,6. TOTAL DIRECT COSTS,1342010.12,0,3000000,755910.98,151279.55,787302.35,0,0,6036503,3/23/2018,3/22/2023,,
DE,2020,EAC correspondence,7. INDIRECT COSTS (if applied),0,0,0,0,0,0,0,0,0,3/23/2018,3/22/2023,,
DE,2020,EAC correspondence,8. Total Federal Budget,1342010.12,0,3000000,755910.98,151279.55,787302.35,0,0,6036503,3/23/2018,3/22/2023,,
DE,2020,EAC correspondence,11. NonFederal Match,10041244.87,0,0,76107.87,17916.4,33663.32,0,0,10168932.46,3/23/2018,3/22/2023,,
DE,2020,EAC correspondence,12. Total Program Budget,11383254.99,0,3000000,832018.85,169195.95,820965.67,0,0,16205435.46,3/23/2018,3/22/2023,,
FL,2020,EAC correspondence,1. PERSONNEL (including fringe),0,0,0,500000,0,0,0,0,500000,3/23/2018,Until Expended,Voter Accessibility and other,
FL,2020,EAC correspondence,2. EQUIPMENT,0,0,0,0,0,0,0,0,0,3/23/2018,Until Expended,Voter Accessibility and other,
FL,2020,EAC correspondence,3. SUBGRANTS to local voting jurisdictions,17656406,0,0,0,0,17437003,0,0,35093409,3/23/2018,Until Expended,Voter Accessibility and other,
FL,2020,EAC correspondence,4. TRAINING,0,0,0,100000,250000,0,0,0,350000,3/23/2018,Until Expended,Voter Accessibility and other,
FL,2020,EAC correspondence,5. All OTHER COSTS,0,0,0,4000000,750000,0,0,0,4750000,3/23/2018,Until Expended,Voter Accessibility and other,
FL,2020,EAC correspondence,6. TOTAL DIRECT COSTS,17656406,0,0,4600000,1000000,17437003,0,0,40693409,3/23/2018,Until Expended,Voter Accessibility and other,
FL,2020,EAC correspondence,7. INDIRECT COSTS (if applied),0,0,0,0,0,0,0,0,0,3/23/2018,Until Expended,Voter Accessibility and other,
FL,2020,EAC correspondence,8. Total Federal Budget,17656406,0,0,4600000,1000000,17437003,0,0,40693409,3/23/2018,Until Expended,Voter Accessibility and other,
FL,2020,EAC correspondence,11. NonFederal Match,0,0,0,0,959350,0,0,0,959350,3/23/2018,Until Expended,Voter Accessibility and other,
FL,2020,EAC correspondence,12. Total Program Budget,17656406,0,0,4600000,1959350,17437003,0,0,41652759,3/23/2018,Until Expended,Voter Accessibility and other,
GA,2020,EAC correspondence,1. PERSONNEL (including fringe),375500,0,0,0,1060855,0,0,0,1436355,3/23/2018,Until Expended,,
GA,2020,EAC correspondence,2. EQUIPMENT,0,0,0,0,1677,0,0,0,1677,3/23/2018,Until Expended,,
GA,2020,EAC correspondence,3. SUBGRANTS to local voting jurisdictions,0,0,0,0,0,806940,0,0,806940,3/23/2018,Until Expended,,
GA,2020,EAC correspondence,4. TRAINING,4915,0,0,0,1375,0,0,0,6290,3/23/2018,Until Expended,,
GA,2020,EAC correspondence,5. All OTHER COSTS,656408,217882,5542931,2453675,9561806,1223214,0,0,19655916,3/23/2018,Until Expended,,
GA,2020,EAC correspondence,6. TOTAL DIRECT COSTS,1036823,217882,5542931,2453675,10625713,2030154,0,0,21907178,3/23/2018,Until Expended,,
GA,2020,EAC correspondence,7. INDIRECT COSTS (if applied),0,0,0,0,0,0,0,0,0,3/23/2018,Until Expended,,
GA,2020,EAC correspondence,8. Total Federal Budget,1036823,217882,5542931,2453675,10625713,2030154,0,0,21907178,3/23/2018,Until Expended,,
GA,2020,EAC correspondence,11. NonFederal Match,0,0,0,0,0,0,0,0,0,3/23/2018,Until Expended,,
GA,2020,EAC correspondence,12. Total Program Budget,1036823,217882,5542931,2453675,10625713,2030154,0,0,21907178,3/23/2018,Until Expended,,
HI,2020,EAC correspondence,1. PERSONNEL (including fringe),0,0,0,0,0,0,0,0,0,3/23/2018,Until Expended,,
HI,2020,EAC correspondence,2. EQUIPMENT,2000000,0,2142675,2500000,0,0,0,0,6642675,3/23/2018,Until Expended,,
HI,2020,EAC correspondence,3. SUBGRANTS to local voting jurisdictions,0,0,0,0,0,0,0,0,0,3/23/2018,Until Expended,,
HI,2020,EAC correspondence,4. TRAINING,0,0,0,0,0,0,0,0,0,3/23/2018,Until Expended,,
HI,2020,EAC correspondence,5. All OTHER COSTS,0,0,0,0,0,0,0,0,0,3/23/2018,Until Expended,,
HI,2020,EAC correspondence,6. TOTAL DIRECT COSTS,2000000,0,2142675,2500000,0,0,0,0,6642675,3/23/2018,Until Expended,,
HI,2020,EAC correspondence,7. INDIRECT COSTS (if applied),0,0,0,0,0,0,0,0,0,3/23/2018,Until Expended,,
HI,2020,EAC correspondence,8. Total Federal Budget,2000000,0,2142675,2500000,0,0,0,0,6642675,3/23/2018,Until Expended,,
HI,2020,EAC correspondence,11. NonFederal Match,0,0,858423,0,0,0,0,0,858423,3/23/2018,Until Expended,,
HI,2020,EAC correspondence,12. Total Program Budget,2000000,0,3001098,2500000,0,0,0,0,7501098,3/23/2018,Until Expended,,
IA,2020,EAC correspondence,1. PERSONNEL (including fringe),0,0,0,1600000,375000,0,300000,0,2275000,3/23/2018,Until Expended,Accessibility,Election Administration
IA,2020,EAC correspondence,2. EQUIPMENT,0,0,0,1025000,0,150000,0,0,1175000,3/23/2018,Until Expended,Accessibility,Election Administration
IA,2020,EAC correspondence,3. SUBGRANTS to local voting jurisdictions,0,0,0,1000000,0,500000,0,0,1500000,3/23/2018,Until Expended,Accessibility,Election Administration
IA,2020,EAC correspondence,4. TRAINING,0,50000,0,600000,0,100000,250000,0,1000000,3/23/2018,Until Expended,Accessibility,Election Administration
IA,2020,EAC correspondence,5. All OTHER COSTS,0,150000,400000,2086087,500000,250000,450000,0,3836087,3/23/2018,Until Expended,Accessibility,Election Administration
IA,2020,EAC correspondence,6. TOTAL DIRECT COSTS,0,200000,400000,6311087,875000,1000000,1000000,0,9786087,3/23/2018,Until Expended,Accessibility,Election Administration
IA,2020,EAC correspondence,7. INDIRECT COSTS (if applied),0,0,0,0,0,0,0,0,0,3/23/2018,Until Expended,Accessibility,Election Administration
IA,2020,EAC correspondence,8. Total Federal Budget,0,200000,400000,6311087,875000,1000000,1000000,0,9786087,3/23/2018,Until Expended,Accessibility,Election Administration
IA,2020,EAC correspondence,11. NonFederal Match,0,0,1266005,0,0,0,0,0,1266005,3/23/2018,Until Expended,Accessibility,Election Administration
IA,2020,EAC correspondence,12. Total Program Budget,0,200000,1666005,6311087,875000,1000000,1000000,0,11052092,3/23/2018,Until Expended,Accessibility,Election Administration
ID,2020,EAC correspondence,1. PERSONNEL (including fringe),0,0,50000,100000,120000,0,0,0,270000,3/23/2018,Until Expended,,
ID,2020,EAC correspondence,2. EQUIPMENT,150000,250000,300000,250000,0,0,0,0,950000,3/23/2018,Until Expended,,
ID,2020,EAC correspondence,3. SUBGRANTS to local voting jurisdictions,0,0,0,0,0,1500000,0,0,1500000,3/23/2018,Until Expended,,
ID,2020,EAC correspondence,4. TRAINING,50000,250000,350000,350000,55000,100000,0,0,1155000,3/23/2018,Until Expended,,
ID,2020,EAC correspondence,5. All OTHER COSTS,100000,538505,1502200,431391,248820,158260,0,0,2979176,3/23/2018,Until Expended,,
ID,2020,EAC correspondence,6. TOTAL DIRECT COSTS,300000,1038505,2202200,1131391,423820,1758260,0,0,6854176,3/23/2018,Until Expended,,
ID,2020,EAC correspondence,7. INDIRECT COSTS (if applied),0,0,0,0,0,0,0,0,0,3/23/2018,Until Expended,,
ID,2020,EAC correspondence,8. Total Federal Budget,300000,1038505,2202200,1131391,423820,1758260,0,0,6854176,3/23/2018,Until Expended,,
ID,2020,EAC correspondence,11. NonFederal Match,40000,261495,110000,110000,43204,321652,0,0,886351,3/23/2018,Until Expended,,
ID,2020,EAC correspondence,12. Total Program Budget,340000,1300000,2312200,1241391,467024,2079912,0,0,7740527,3/23/2018,Until Expended,,
IL,2020,EAC correspondence,1. PERSONNEL (including fringe),0,0,0,0,0,0,0,0,0,3/23/2018,Until Expended,Other-ADA Programs,
IL,2020,EAC correspondence,2. EQUIPMENT,0,0,500000,5242500,0,0,0,0,5742500,3/23/2018,Until Expended,Other-ADA Programs,
IL,2020,EAC correspondence,3. SUBGRANTS to local voting jurisdictions,0,0,0,11877948,0,1000000,0,0,12877948,3/23/2018,Until Expended,Other-ADA Programs,
IL,2020,EAC correspondence,4. TRAINING,0,0,0,700000,0,0,0,0,700000,3/23/2018,Until Expended,Other-ADA Programs,
IL,2020,EAC correspondence,5. All OTHER COSTS,0,0,4607800,3134292,0,1070390,0,0,8812482,3/23/2018,Until Expended,Other-ADA Programs,
IL,2020,EAC correspondence,6. TOTAL DIRECT COSTS,0,0,5107800,20954740,0,2070390,0,0,28132930,3/23/2018,Until Expended,Other-ADA Programs,
IL,2020,EAC correspondence,7. INDIRECT COSTS (if applied),0,0,0,0,0,0,0,0,0,3/23/2018,Until Expended,Other-ADA Programs,
IL,2020,EAC correspondence,8. Total Federal Budget,0,0,5107800,20954740,0,2070390,0,0,28132930,3/23/2018,Until Expended,Other-ADA Programs,
IL,2020,EAC correspondence,11. NonFederal Match,0,0,0,0,0,0,0,0,3641743,3/23/2018,Until Expended,Other-ADA Programs,
IL,2020,EAC correspondence,12. Total Program Budget,0,0,5107800,20954740,0,2070390,0,0,31774673,3/23/2018,Until Expended,Other-ADA Programs,
IN,2020,EAC correspondence,1. PERSONNEL (including fringe),0,0,0,0,0,0,0,0,0,3/23/2018,Until Expended,,
IN,2020,EAC correspondence,2. EQUIPMENT,7681918.6,863530.4,240000,0,200000,0,0,0,8985449,3/23/2018,Until Expended,,
IN,2020,EAC correspondence,3. SUBGRANTS to local voting jurisdictions,0,0,0,0,0,0,0,0,0,3/23/2018,Until Expended,,
IN,2020,EAC correspondence,4. TRAINING,0,0,0,0,400000,0,0,0,400000,3/23/2018,Until Expended,,
IN,2020,EAC correspondence,5. All OTHER COSTS,0,0,125000,6630088,0,0,0,0,6755088,3/23/2018,Until Expended,,
IN,2020,EAC correspondence,6. TOTAL DIRECT COSTS,7681918.6,863530.4,365000,6630088,600000,0,0,0,16140537,3/23/2018,Until Expended,,
IN,2020,EAC correspondence,7. INDIRECT COSTS (if applied),0,0,0,0,0,0,0,0,0,3/23/2018,Until Expended,,
IN,2020,EAC correspondence,8. Total Federal Budget,7681918.6,863530.4,365000,6630088,600000,0,0,0,16140537,3/23/2018,Until Expended,,
IN,2020,EAC correspondence,11. NonFederal Match,0,0,0,0,0,0,0,0,0,3/23/2018,Until Expended,,
IN,2020,EAC correspondence,12. Total Program Budget,7681918.6,863530.4,365000,6630088,600000,0,0,0,16140537,3/23/2018,Until Expended,,
KS,2020,EAC correspondence,1. PERSONNEL (including fringe),0,0,100000,0,0,0,0,0,100000,3/23/2018,Until Expended,,
KS,2020,EAC correspondence,2. EQUIPMENT,0,0,2835234,4500000,291383,0,0,0,7626617,3/23/2018,Until Expended,,
KS,2020,EAC correspondence,3. SUBGRANTS to local voting jurisdictions,0,0,0,0,0,0,0,0,0,3/23/2018,Until Expended,,
KS,2020,EAC correspondence,4. TRAINING,0,0,100000,500000,0,0,0,0,600000,3/23/2018,Until Expended,,
KS,2020,EAC correspondence,5. All OTHER COSTS,0,0,0,0,0,0,0,0,0,3/23/2018,Until Expended,,
KS,2020,EAC correspondence,6. TOTAL DIRECT COSTS,0,0,3035234,5000000,291383,0,0,0,8326617,3/23/2018,Until Expended,,
KS,2020,EAC correspondence,7. INDIRECT COSTS (if applied),0,0,0,0,0,0,0,0,0,3/23/2018,Until Expended,,
KS,2020,EAC correspondence,8. Total Federal Budget,0,0,3035234,5000000,291383,0,0,0,8326617,3/23/2018,Until Expended,,
KS,2020,EAC correspondence,11. NonFederal Match,0,0,700000,281899,0,0,0,0,981899,3/23/2018,Until Expended,,
KS,2020,EAC correspondence,12. Total Program Budget,0,0,3735234,5281899,291383,0,0,0,9308516,3/23/2018,Until Expended,,
KY,2020,EAC correspondence,1. PERSONNEL (including fringe),0,0,0,673423,0,0,0,0,673423,3/23/2018,12/21/2024,Physical Security,
KY,2020,EAC correspondence,2. EQUIPMENT,11091766,150000,0,0,0,0,0,0,11241766,3/23/2018,12/21/2024,Physical Security,
KY,2020,EAC correspondence,3. SUBGRANTS to local voting jurisdictions,0,0,0,0,0,0,0,0,0,3/23/2018,12/21/2024,Physical Security,
KY,2020,EAC correspondence,4. TRAINING,0,0,0,0,100000,0,0,0,100000,3/23/2018,12/21/2024,Physical Security,
KY,2020,EAC correspondence,5. All OTHER COSTS,0,0,0,0,0,250000,0,0,250000,3/23/2018,12/21/2024,Physical Security,
KY,2020,EAC correspondence,6. TOTAL DIRECT COSTS,11091766,150000,0,673423,100000,250000,0,0,12265189,3/23/2018,12/21/2024,Physical Security,
KY,2020,EAC correspondence,7. INDIRECT COSTS (if applied),0,0,0,0,0,0,0,0,0,3/23/2018,12/21/2024,Physical Security,
KY,2020,EAC correspondence,8. Total Federal Budget,11091766,150000,0,673423,100000,250000,0,0,12265189,3/23/2018,12/21/2024,Physical Security,
KY,2020,EAC correspondence,11. NonFederal Match,1587024,0,0,0,0,0,0,0,1587024,3/23/2018,12/21/2024,Physical Security,
KY,2020,EAC correspondence,12. Total Program Budget,12678790,150000,0,673423,100000,250000,0,0,13852213,3/23/2018,12/21/2024,Physical Security,
MA,2020,EAC correspondence,1. PERSONNEL (including fringe),0,0,0,0,0,0,0,0,0,3/23/2018,Until Expended,,
MA,2020,EAC correspondence,2. EQUIPMENT,0,0,5004663,0,0,0,0,0,5004663,3/23/2018,Until Expended,,
MA,2020,EAC correspondence,3. SUBGRANTS to local voting jurisdictions,2000000,0,2000000,0,0,0,0,0,4000000,3/23/2018,Until Expended,,
MA,2020,EAC correspondence,4. TRAINING,0,0,0,150000,0,0,0,0,150000,3/23/2018,Until Expended,,
MA,2020,EAC correspondence,5. All OTHER COSTS,0,0,0,7615077,0,0,0,0,7615077,3/23/2018,Until Expended,,
MA,2020,EAC correspondence,6. TOTAL DIRECT COSTS,2000000,0,7004663,7765077,0,0,0,0,16769740,3/23/2018,Until Expended,,
MA,2020,EAC correspondence,7. INDIRECT COSTS (if applied),0,0,0,0,0,0,0,0,0,3/23/2018,Until Expended,,
MA,2020,EAC correspondence,8. Total Federal Budget,2000000,0,7004663,7765077,0,0,0,0,16769740,3/23/2018,Until Expended,,
MA,2020,EAC correspondence,11. NonFederal Match,0,0,0,2170320,0,0,0,0,2170320,3/23/2018,Until Expended,,
MA,2020,EAC correspondence,12. Total Program Budget,2000000,0,7004663,9935397,0,0,0,0,18940060,3/23/2018,Until Expended,,
MD,2020,EAC correspondence,1. PERSONNEL (including fringe),0,0,0,2000000,0,0,0,0,2000000,3/23/2018,Until Expended,Training,
MD,2020,EAC correspondence,2. EQUIPMENT,100000,0,250000,354352,0,0,0,0,704352,3/23/2018,Until Expended,Training,
MD,2020,EAC correspondence,3. SUBGRANTS to local voting jurisdictions,0,0,0,0,0,0,0,0,0,3/23/2018,Until Expended,Training,
MD,2020,EAC correspondence,4. TRAINING,0,0,0,0,0,2987081.85,0,0,2987081.85,3/23/2018,Until Expended,Training,
MD,2020,EAC correspondence,5. All OTHER COSTS,149326.43,0,1927948.25,5485075.58,873316.08,0,0,0,8435666.34,3/23/2018,Until Expended,Training,
MD,2020,EAC correspondence,6. TOTAL DIRECT COSTS,249326.43,0,2177948.25,7839427.58,873316.08,2987081.85,0,0,14127100.19,3/23/2018,Until Expended,Training,
MD,2020,EAC correspondence,7. INDIRECT COSTS (if applied),54569.08,0,135830.12,452127.41,54035.04,186417.16,0,0,882978.81,3/23/2018,Until Expended,Training,
MD,2020,EAC correspondence,8. Total Federal Budget,303895.51,0,2313778.37,8291554.99,927351.12,3173499.01,0,0,15010079,3/23/2018,Until Expended,Training,
MD,2020,EAC correspondence,11. NonFederal Match,0,1922000,12165,8296,0,0,0,0,1942461,3/23/2018,Until Expended,Training,
MD,2020,EAC correspondence,12. Total Program Budget,303895.51,1922000,2325943.37,8299850.99,927351.12,3173499.01,0,0,16952540,3/23/2018,Until Expended,Training,
ME,2020,EAC correspondence,1. PERSONNEL (including fringe),0,0,0,0,0,0,0,0,0,3/23/2018,Until Expended,Ballot Security,Online Training/ Election Management
ME,2020,EAC correspondence,2. EQUIPMENT,1494392,0,200000,30000,0,196797,0,0,1921189,3/23/2018,Until Expended,Ballot Security,Online Training/ Election Management
ME,2020,EAC correspondence,3. SUBGRANTS to local voting jurisdictions,0,0,0,0,0,0,0,0,0,3/23/2018,Until Expended,Ballot Security,Online Training/ Election Management
ME,2020,EAC correspondence,4. TRAINING,0,0,0,40000,0,0,0,0,40000,3/23/2018,Until Expended,Ballot Security,Online Training/ Election Management
ME,2020,EAC correspondence,5. All OTHER COSTS,0,0,3649345,274395,0,100000,0,0,4264849,3/23/2018,Until Expended,Ballot Security,Online Training/ Election Management
ME,2020,EAC correspondence,6. TOTAL DIRECT COSTS,1494392,0,3849345,344395,0,296797,0,0,6226038,3/23/2018,Until Expended,Ballot Security,Online Training/ Election Management
ME,2020,EAC correspondence,7. INDIRECT COSTS (if applied),100259,0,258253,23105,0,19912,0,0,417705,3/23/2018,Until Expended,Ballot Security,Online Training/ Election Management
ME,2020,EAC correspondence,8. Total Federal Budget,1594651,0,4107598,367500,0,316709,0,0,6643743,3/23/2018,Until Expended,Ballot Security,Online Training/ Election Management
ME,2020,EAC correspondence,11. NonFederal Match,56549,0,100000,0,0,0,0,0,156549,3/23/2018,Until Expended,Ballot Security,Online Training/ Election Management
ME,2020,EAC correspondence,12. Total Program Budget,1651200,0,4207598,367500,0,316709,0,0,6800292,3/23/2018,Until Expended,Ballot Security,Online Training/ Election Management
MI,2020,EAC correspondence,1. PERSONNEL (including fringe),0,158094,0,200000,400000,0,0,0,758094,3/23/2018,Until Expended,Physical Security,Mail Infrastructure
MI,2020,EAC correspondence,2. EQUIPMENT,250000,300000,2061100,119100,0,0,400000,0,3130200,3/23/2018,Until Expended,Physical Security,Mail Infrastructure
MI,2020,EAC correspondence,3. SUBGRANTS to local voting jurisdictions,1750000,0,0,5080600,0,1250000,0,0,8080600,3/23/2018,Until Expended,Physical Security,Mail Infrastructure
MI,2020,EAC correspondence,4. TRAINING,0,0,175900,784300,1093400,0,0,0,2053600,3/23/2018,Until Expended,Physical Security,Mail Infrastructure
MI,2020,EAC correspondence,5. All OTHER COSTS,0,0,2706554,5096580,935069,0,0,0,8738203,3/23/2018,Until Expended,Physical Security,Mail Infrastructure
MI,2020,EAC correspondence,6. TOTAL DIRECT COSTS,2000000,458094,4943554,11280580,2428469,1250000,400000,0,22760697,3/23/2018,Until Expended,Physical Security,Mail Infrastructure
MI,2020,EAC correspondence,7. INDIRECT COSTS (if applied),0,0,0,0,0,0,0,0,0,3/23/2018,Until Expended,Physical Security,Mail Infrastructure
MI,2020,EAC correspondence,8. Total Federal Budget,2000000,458094,4943554,11280580,2428469,1250000,400000,0,22760697,3/23/2018,Until Expended,Physical Security,Mail Infrastructure
MI,2020,EAC correspondence,11. NonFederal Match,0,0,0,0,0,0,0,0,0,3/23/2018,Until Expended,Physical Security,Mail Infrastructure
MI,2020,EAC correspondence,12. Total Program Budget,2000000,458094,4943554,11280580,2428469,1250000,400000,0,22760697,3/23/2018,Until Expended,Physical Security,Mail Infrastructure
MO,2020,EAC correspondence,1. PERSONNEL (including fringe),0,0,0,0,0,0,0,0,0,3/23/2018,Until Expended,,
MO,2020,EAC correspondence,2. EQUIPMENT,0,0,1000000,1000000,0,0,0,0,2000000,3/23/2018,Until Expended,,
MO,2020,EAC correspondence,3. SUBGRANTS to local voting jurisdictions,2500000,0,0,2500000,0,0,0,0,5000000,3/23/2018,Until Expended,,
MO,2020,EAC correspondence,4. TRAINING,0,0,0,150000,0,0,0,0,150000,3/23/2018,Until Expended,,
MO,2020,EAC correspondence,5. All OTHER COSTS,0,0,3000000,5215191,0,0,0,0,8215191,3/23/2018,Until Expended,,
MO,2020,EAC correspondence,6. TOTAL DIRECT COSTS,2500000,0,4000000,8865191,0,0,0,0,15365191,3/23/2018,Until Expended,,
MO,2020,EAC correspondence,7. INDIRECT COSTS (if applied),0,0,0,0,0,0,0,0,0,3/23/2018,Until Expended,,
MO,2020,EAC correspondence,8. Total Federal Budget,2500000,0,4000000,8865191,0,0,0,0,15365191,3/23/2018,Until Expended,,
MO,2020,EAC correspondence,11. NonFederal Match,0,0,1988444,0,0,0,0,0,1988444,3/23/2018,Until Expended,,
MO,2020,EAC correspondence,12. Total Program Budget,2500000,0,5988444,8865191,0,0,0,0,17353635,3/23/2018,Until Expended,,
MT,2020,EAC correspondence,1. PERSONNEL (including fringe),0,0,0,100000,0,0,254372,0,354372,3/23/2018,Until Expended,County Subgrant Program,Election Administration
MT,2020,EAC correspondence,2. EQUIPMENT,0,0,0,0,0,0,0,0,0,3/23/2018,Until Expended,County Subgrant Program,Election Administration
MT,2020,EAC correspondence,3. SUBGRANTS to local voting jurisdictions,750000,0,0,0,0,1912636,0,0,2662636,3/23/2018,Until Expended,County Subgrant Program,Election Administration
MT,2020,EAC correspondence,4. TRAINING,0,0,0,50000,50000,0,0,0,100000,3/23/2018,Until Expended,County Subgrant Program,Election Administration
MT,2020,EAC correspondence,5. All OTHER COSTS,0,0,2050000,200000,0,0,0,0,2250000,3/23/2018,Until Expended,County Subgrant Program,Election Administration
MT,2020,EAC correspondence,6. TOTAL DIRECT COSTS,750000,0,2050000,350000,50000,1912636,254372,0,5367008,3/23/2018,Until Expended,County Subgrant Program,Election Administration
MT,2020,EAC correspondence,7. INDIRECT COSTS (if applied),0,0,0,0,0,766527,0,0,766527,3/23/2018,Until Expended,County Subgrant Program,Election Administration
MT,2020,EAC correspondence,8. Total Federal Budget,750000,0,2050000,350000,50000,2679163,254372,0,6133535,3/23/2018,Until Expended,County Subgrant Program,Election Administration
MT,2020,EAC correspondence,11. NonFederal Match,0,0,100000,50000,0,0,625596,0,775596,3/23/2018,Until Expended,County Subgrant Program,Election Administration
MT,2020,EAC correspondence,12. Total Program Budget,750000,0,2150000,400000,50000,2679163,879968,0,6909131,3/23/2018,Until Expended,County Subgrant Program,Election Administration
ND,2020,EAC correspondence,1. PERSONNEL (including fringe),0,0,0,0,0,0,0,0,0,3/23/2018,Until Expended,,
ND,2020,EAC correspondence,2. EQUIPMENT,5500000,0,0,425000,0,0,0,0,5925000,3/23/2018,Until Expended,,
ND,2020,EAC correspondence,3. SUBGRANTS to local voting jurisdictions,0,0,0,0,0,0,0,0,0,3/23/2018,Until Expended,,
ND,2020,EAC correspondence,4. TRAINING,0,0,0,75000,0,0,0,0,75000,3/23/2018,Until Expended,,
ND,2020,EAC correspondence,5. All OTHER COSTS,0,0,0,0,0,0,0,0,0,3/23/2018,Until Expended,,
ND,2020,EAC correspondence,6. TOTAL DIRECT COSTS,5500000,0,0,500000,0,0,0,0,6000000,3/23/2018,Until Expended,,
ND,2020,EAC correspondence,7. INDIRECT COSTS (if applied),0,0,0,0,0,0,0,0,0,3/23/2018,Until Expended,,
ND,2020,EAC correspondence,8. Total Federal Budget,5500000,0,0,500000,0,0,0,0,6000000,3/23/2018,Until Expended,,
ND,2020,EAC correspondence,11. NonFederal Match,750000,0,0,0,0,0,0,0,750000,3/23/2018,Until Expended,,
ND,2020,EAC correspondence,12. Total Program Budget,6250000,0,0,500000,0,0,0,0,6750000,3/23/2018,Until Expended,,
NM,2020,EAC correspondence,1. PERSONNEL (including fringe),0,0,0,1824531,0,0,124384,0,1948915,3/23/2018,Until Expended,,Minority Language Outreach ______________
NM,2020,EAC correspondence,2. EQUIPMENT,1205828,0,230000,1147200,0,0,0,0,2583028,3/23/2018,Until Expended,,Minority Language Outreach ______________
NM,2020,EAC correspondence,3. SUBGRANTS to local voting jurisdictions,0,0,0,0,0,0,0,0,0,3/23/2018,Until Expended,,Minority Language Outreach ______________
NM,2020,EAC correspondence,4. TRAINING,0,0,0,50000,0,0,0,0,50000,3/23/2018,Until Expended,,Minority Language Outreach ______________
NM,2020,EAC correspondence,5. All OTHER COSTS,95825,0,350000,1624747,160000,0,90616,950000,3271188,3/23/2018,Until Expended,,Minority Language Outreach ______________
NM,2020,EAC correspondence,6. TOTAL DIRECT COSTS,1301653,0,580000,4646478,160000,0,215000,950000,7853131,3/23/2018,Until Expended,,Minority Language Outreach ______________
NM,2020,EAC correspondence,7. INDIRECT COSTS (if applied),0,0,0,0,0,0,0,0,0,3/23/2018,Until Expended,,Minority Language Outreach ______________
NM,2020,EAC correspondence,8. Total Federal Budget,1301653,0,580000,4646478,160000,0,215000,950000,7853131,3/23/2018,Until Expended,,Minority Language Outreach ______________
NM,2020,EAC correspondence,11. NonFederal Match,1015705,0,0,0,0,0,0,0,1015705,3/23/2018,Until Expended,,Minority Language Outreach ______________
NM,2020,EAC correspondence,12. Total Program Budget,2317358,0,580000,4646478,160000,0,215000,950000,8868836,3/23/2018,Until Expended,,Minority Language Outreach ______________
NV,2020,EAC correspondence,1. PERSONNEL (including fringe),0,180812.61,314236.77,126714.03,21119,200175.14,5043.45,0,848101,3/23/2018,Until Expended,Improve Admin of Federal Elections ______________,
NV,2020,EAC correspondence,2. EQUIPMENT,0,0,0,218963,0,7751.55,0,0,226714.55,3/23/2018,Until Expended,Improve Admin of Federal Elections ______________,
NV,2020,EAC correspondence,3. SUBGRANTS to local voting jurisdictions,0,0,0,853955,0,0,0,0,853955,3/23/2018,Until Expended,Improve Admin of Federal Elections ______________,
NV,2020,EAC correspondence,4. TRAINING,0,12277.53,0,18606.13,0,22139.45,0,0,53023.11,3/23/2018,Until Expended,Improve Admin of Federal Elections ______________,
NV,2020,EAC correspondence,5. All OTHER COSTS,0,108686,6397122,578396,0,0,17289.34,0,7101493.34,3/23/2018,Until Expended,Improve Admin of Federal Elections ______________,
NV,2020,EAC correspondence,6. TOTAL DIRECT COSTS,0,301776.14,6711358.77,1796634.16,21119,230066.14,22332.79,0,9083287,3/23/2018,Until Expended,Improve Admin of Federal Elections ______________,
NV,2020,EAC correspondence,7. INDIRECT COSTS (if applied),0,0,0,0,0,0,0,0,0,3/23/2018,Until Expended,Improve Admin of Federal Elections ______________,
NV,2020,EAC correspondence,8. Total Federal Budget,0,301776.14,6711358.77,1796634.16,21119,230066.14,22332.79,0,9083287,3/23/2018,Until Expended,Improve Admin of Federal Elections ______________,
NV,2020,EAC correspondence,11. NonFederal Match,213886,0,961113,0,0,0,0,0,1174999,3/23/2018,Until Expended,Improve Admin of Federal Elections ______________,
NV,2020,EAC correspondence,12. Total Program Budget,213886,301776.14,7672471.77,1796634.16,21119,230066.14,22332.79,0,10258286,3/23/2018,Until Expended,Improve Admin of Federal Elections ______________,
NY,2020,EAC correspondence,1. PERSONNEL (including fringe),0,0,0,6070571.6,0,0,0,0,6070571.6,3/23/2018,Until Expended,,
NY,2020,EAC correspondence,2. EQUIPMENT,0,0,0,350000,0,0,0,0,350000,3/23/2018,Until Expended,,
NY,2020,EAC correspondence,3. SUBGRANTS to local voting jurisdictions,0,0,0,5737138.5,0,0,0,0,5737138.5,3/23/2018,Until Expended,,
NY,2020,EAC correspondence,4. TRAINING,0,0,0,500000,0,0,0,0,500000,3/23/2018,Until Expended,,
NY,2020,EAC correspondence,5. All OTHER COSTS,0,0,0,28010973.6,0,0,0,0,28010973.6,3/23/2018,Until Expended,,
NY,2020,EAC correspondence,6. TOTAL DIRECT COSTS,0,0,0,40668683.7,0,0,0,0,40668683.7,3/23/2018,Until Expended,,
NY,2020,EAC correspondence,7. INDIRECT COSTS (if applied),0,0,0,763172.3,0,0,0,0,763172.3,3/23/2018,Until Expended,,
NY,2020,EAC correspondence,8. Total Federal Budget,0,0,0,41431856,0,0,0,0,41431856,3/23/2018,Until Expended,,
NY,2020,EAC correspondence,11. NonFederal Match,0,0,5363824.35,0,0,0,0,0,5363824.35,3/23/2018,Until Expended,,
NY,2020,EAC correspondence,12. Total Program Budget,0,0,5363824.35,41431856,0,0,0,0,46795680.35,3/23/2018,Until Expended,,
OH,2020,EAC correspondence,1. PERSONNEL (including fringe),0,0,0,0,0,300000,0,0,0,3/23/2018,Until Expended,"Pathfinder, Email pilot, and Voter Accessibility",Primary Election Assistance
OH,2020,EAC correspondence,2. EQUIPMENT,0,0,0,1700000,0,4716180,0,0,1700000,3/23/2018,Until Expended,"Pathfinder, Email pilot, and Voter Accessibility",Primary Election Assistance
OH,2020,EAC correspondence,3. SUBGRANTS to local voting jurisdictions,0,0,0,6915599,0,100000,0,0,8847792,3/23/2018,Until Expended,"Pathfinder, Email pilot, and Voter Accessibility",Primary Election Assistance
OH,2020,EAC correspondence,4. TRAINING,0,0,0,190000,0,195000,0,0,190000,3/23/2018,Until Expended,"Pathfinder, Email pilot, and Voter Accessibility",Primary Election Assistance
OH,2020,EAC correspondence,5. All OTHER COSTS,0,250000,845000,13950140,0,1200000,4800,0,15169341,3/23/2018,Until Expended,"Pathfinder, Email pilot, and Voter Accessibility",Primary Election Assistance
OH,2020,EAC correspondence,6. TOTAL DIRECT COSTS,0,250000,845000,22755739,0,6511180,4800,0,25907133,3/23/2018,Until Expended,"Pathfinder, Email pilot, and Voter Accessibility",Primary Election Assistance
OH,2020,EAC correspondence,7. INDIRECT COSTS (if applied),0,0,0,0,0,0,0,0,0,3/23/2018,Until Expended,"Pathfinder, Email pilot, and Voter Accessibility",Primary Election Assistance
OH,2020,EAC correspondence,8. Total Federal Budget,0,250000,845000,22755739,0,6511180,4800,0,25907133,3/23/2018,Until Expended,"Pathfinder, Email pilot, and Voter Accessibility",Primary Election Assistance
OH,2020,EAC correspondence,11. NonFederal Match,0,0,271828.37,368643.94,0,793236,2600730.69,0,3353523,3/23/2018,Until Expended,"Pathfinder, Email pilot, and Voter Accessibility",Primary Election Assistance
OH,2020,EAC correspondence,12. Total Program Budget,0,250000,1116828.37,23124382.94,0,7304416,2605530.69,0,29260656,3/23/2018,Until Expended,"Pathfinder, Email pilot, and Voter Accessibility",Primary Election Assistance
OK,2020,EAC correspondence,1. PERSONNEL (including fringe),0,0,0,0,0,0,0,0,0,3/23/2018,Until Expended,,
OK,2020,EAC correspondence,2. EQUIPMENT,3500000,500000,1650000,1000000,0,0,0,0,6650000,3/23/2018,Until Expended,,
OK,2020,EAC correspondence,3. SUBGRANTS to local voting jurisdictions,0,0,0,0,0,0,0,0,0,3/23/2018,Until Expended,,
OK,2020,EAC correspondence,4. TRAINING,250000,146636,250000,250000,0,0,0,0,896636,3/23/2018,Until Expended,,
OK,2020,EAC correspondence,5. All OTHER COSTS,0,0,1750000,1740199,0,0,0,0,3490199,3/23/2018,Until Expended,,
OK,2020,EAC correspondence,6. TOTAL DIRECT COSTS,3750000,646636,3650000,2990199,0,0,0,0,11036835,3/23/2018,Until Expended,,
OK,2020,EAC correspondence,7. INDIRECT COSTS (if applied),0,0,0,0,0,0,0,0,0,3/23/2018,Until Expended,,
OK,2020,EAC correspondence,8. Total Federal Budget,3750000,646636,3650000,2990199,0,0,0,0,11036835,3/23/2018,Until Expended,,
OK,2020,EAC correspondence,11. NonFederal Match,0,0,1168164,259801,0,0,0,0,1427965,3/23/2018,Until Expended,,
OK,2020,EAC correspondence,12. Total Program Budget,3750000,646636,4818164,3250000,0,0,0,0,12464800,3/23/2018,Until Expended,,
OR,2020,EAC correspondence,1. PERSONNEL (including fringe),0,0,530454.13,0,0,0,0,0,530454.13,3/23/2018,Until Expended,Security,
OR,2020,EAC correspondence,2. EQUIPMENT,39844.69,0,2656313.65,88543.75,177087.51,0,0,0,2961789.6,3/23/2018,Until Expended,Security,
OR,2020,EAC correspondence,3. SUBGRANTS to local voting jurisdictions,0,0,0,0,0,1328156.32,0,0,1328156.32,3/23/2018,Until Expended,Security,
OR,2020,EAC correspondence,4. TRAINING,0,0,309.9,1992.23,0,0,0,0,2302.13,3/23/2018,Until Expended,Security,
OR,2020,EAC correspondence,5. All OTHER COSTS,0,0,6569326.81,0,0,0,0,0,6569326.81,3/23/2018,Until Expended,Security,
OR,2020,EAC correspondence,6. TOTAL DIRECT COSTS,39844.69,0,9756404.49,90535.98,177087.51,1328156.32,0,0,11392028.99,3/23/2018,Until Expended,Security,
OR,2020,EAC correspondence,7. INDIRECT COSTS (if applied),0,0,0,0,0,0,0,0,0,3/23/2018,Until Expended,Security,
OR,2020,EAC correspondence,8. Total Federal Budget,39844.69,0,9756404.49,90535.98,177087.51,1328156.32,0,0,11392028.99,3/23/2018,Until Expended,Security,
OR,2020,EAC correspondence,11. NonFederal Match,0,0,0,0,0,0,0,0,1473959,3/23/2018,Until Expended,Security,
OR,2020,EAC correspondence,12. Total Program Budget,39844.69,0,9756404.49,90535.98,177087.51,1328156.32,0,0,12865987.99,3/23/2018,Until Expended,Security,
PA,2020,EAC correspondence,1. PERSONNEL (including fringe),0,0,0,0,0,0,0,0,0,3/23/2018,12/24/2024,County Block Grants,
PA,2020,EAC correspondence,2. EQUIPMENT,16093447,0,0,0,0,0,0,0,16093447,3/23/2018,12/24/2024,County Block Grants,
PA,2020,EAC correspondence,3. SUBGRANTS to local voting jurisdictions,0,0,0,0,0,7000000,0,0,7000000,3/23/2018,12/24/2024,County Block Grants,
PA,2020,EAC correspondence,4. TRAINING,0,0,0,0,0,0,0,0,0,3/23/2018,12/24/2024,County Block Grants,
PA,2020,EAC correspondence,5. All OTHER COSTS,0,300000,5208276,0,0,0,50000,0,5508276,3/23/2018,12/24/2024,County Block Grants,
PA,2020,EAC correspondence,6. TOTAL DIRECT COSTS,16093447,300000,5208276,0,0,7000000,50000,0,28651723,3/23/2018,12/24/2024,County Block Grants,
PA,2020,EAC correspondence,7. INDIRECT COSTS (if applied),0,0,0,0,0,0,0,0,0,3/23/2018,12/24/2024,County Block Grants,
PA,2020,EAC correspondence,8. Total Federal Budget,16093447,300000,5208276,0,0,7000000,50000,0,28651723,3/23/2018,12/24/2024,County Block Grants,
PA,2020,EAC correspondence,11. NonFederal Match,673808,0,3035114,0,0,0,0,0,3708922,3/23/2018,12/24/2024,County Block Grants,
PA,2020,EAC correspondence,12. Total Program Budget,16767255,300000,8243390,0,0,7000000,50000,0,32360645,3/23/2018,12/24/2024,County Block Grants,
PR,2020,EAC correspondence,1. PERSONNEL (including fringe),0,0,0,0,0,0,0,0,0,12/21/2019,Until Expended,Support Activities,
PR,2020,EAC correspondence,2. EQUIPMENT,1656753,0,2636250,521312.5,0,0,0,0,4814315.5,12/21/2019,Until Expended,Support Activities,
PR,2020,EAC correspondence,3. SUBGRANTS to local voting jurisdictions,0,0,0,0,0,0,0,0,0,12/21/2019,Until Expended,Support Activities,
PR,2020,EAC correspondence,4. TRAINING,0,0,142500,67683.5,0,0,0,0,210183.5,12/21/2019,Until Expended,Support Activities,
PR,2020,EAC correspondence,5. All OTHER COSTS,0,207095,1047592,414189,828376,297095,0,0,2794347,12/21/2019,Until Expended,Support Activities,
PR,2020,EAC correspondence,6. TOTAL DIRECT COSTS,1656753,207095,3826342,1003185,828376,297095,0,0,7818846,12/21/2019,Until Expended,Support Activities,
PR,2020,EAC correspondence,7. INDIRECT COSTS (if applied),0,0,0,0,0,0,0,0,0,12/21/2019,Until Expended,Support Activities,
PR,2020,EAC correspondence,8. Total Federal Budget,1656753,207095,3826342,1003185,828376,297095,0,0,7818846,12/21/2019,Until Expended,Support Activities,
PR,2020,EAC correspondence,11. NonFederal Match,0,0,157788,26060,0,828377,0,0,1012225,12/21/2019,Until Expended,Support Activities,
PR,2020,EAC correspondence,12. Total Program Budget,1656753,207095,3984130,1029245,828376,1125472,0,0,8831071,12/21/2019,Until Expended,Support Activities,
SD,2020,EAC correspondence,1. PERSONNEL (including fringe),0,0,0,0,0,0,0,0,0,3/23/2018,Until Expended,,
SD,2020,EAC correspondence,2. EQUIPMENT,3750000,750000,0,0,0,0,0,0,4500000,3/23/2018,Until Expended,,
SD,2020,EAC correspondence,3. SUBGRANTS to local voting jurisdictions,0,0,0,0,0,0,0,0,0,3/23/2018,Until Expended,,
SD,2020,EAC correspondence,4. TRAINING,0,250000,0,500000,0,0,0,0,750000,3/23/2018,Until Expended,,
SD,2020,EAC correspondence,5. All OTHER COSTS,0,0,0,750000,0,0,0,0,750000,3/23/2018,Until Expended,,
SD,2020,EAC correspondence,6. TOTAL DIRECT COSTS,3750000,1000000,0,1250000,0,0,0,0,6000000,3/23/2018,Until Expended,,
SD,2020,EAC correspondence,7. INDIRECT COSTS (if applied),0,0,0,0,0,0,0,0,0,3/23/2018,Until Expended,,
SD,2020,EAC correspondence,8. Total Federal Budget,3750000,1000000,0,1250000,0,0,0,0,6000000,3/23/2018,Until Expended,,
SD,2020,EAC correspondence,11. NonFederal Match,150000,0,0,300000,0,0,0,0,450000,3/23/2018,Until Expended,,
SD,2020,EAC correspondence,12. Total Program Budget,3900000,1000000,0,1550000,0,0,0,0,6450000,3/23/2018,Until Expended,,
TN,2020,EAC correspondence,1. PERSONNEL (including fringe),0,0,300000,0,0,0,0,0,300000,3/23/2018,Until Expended,,
TN,2020,EAC correspondence,2. EQUIPMENT,0,0,3275000,0,0,0,0,0,3275000,3/23/2018,Until Expended,,
TN,2020,EAC correspondence,3. SUBGRANTS to local voting jurisdictions,8363305,0,0,0,0,0,0,0,8363305,3/23/2018,Until Expended,,
TN,2020,EAC correspondence,4. TRAINING,0,0,0,200000,0,0,0,0,200000,3/23/2018,Until Expended,,
TN,2020,EAC correspondence,5. All OTHER COSTS,0,0,0,3939113,0,0,0,0,3939113,3/23/2018,Until Expended,,
TN,2020,EAC correspondence,6. TOTAL DIRECT COSTS,8363305,0,3575000,4139113,0,0,0,0,16077418,3/23/2018,Until Expended,,
TN,2020,EAC correspondence,7. INDIRECT COSTS (if applied),0,0,0,0,0,0,0,0,0,3/23/2018,Until Expended,,
TN,2020,EAC correspondence,8. Total Federal Budget,8363305,0,3575000,4139113,0,0,0,0,16077418,3/23/2018,Until Expended,,
TN,2020,EAC correspondence,11. NonFederal Match,1064781,0,435000,580890,0,0,0,0,2080671,3/23/2018,Until Expended,,
TN,2020,EAC correspondence,12. Total Program Budget,9428086,0,4010000,4720003,0,0,0,0,18158089,3/23/2018,Until Expended,,
TX,2020,EAC correspondence,1. PERSONNEL (including fringe),0,0,0,401940,0,0,0,0,401940,12/21/2019,Until Expended,Election Applications,
TX,2020,EAC correspondence,2. EQUIPMENT,0,0,0,0,0,0,0,0,0,12/21/2019,Until Expended,Election Applications,
TX,2020,EAC correspondence,3. SUBGRANTS to local voting jurisdictions,19836190,0,0,10160000,0,0,0,0,29996190,12/21/2019,Until Expended,Election Applications,
TX,2020,EAC correspondence,4. TRAINING,0,0,0,0,0,0,0,0,0,12/21/2019,Until Expended,Election Applications,
TX,2020,EAC correspondence,5. All OTHER COSTS,0,1000000,6523891,10132630,0,1395156,0,0,19051677,12/21/2019,Until Expended,Election Applications,
TX,2020,EAC correspondence,6. TOTAL DIRECT COSTS,19836190,1000000,6523891,20694570,0,1395156,0,0,49449807,12/21/2019,Until Expended,Election Applications,
TX,2020,EAC correspondence,7. INDIRECT COSTS (if applied),0,0,0,0,0,0,0,0,0,12/21/2019,Until Expended,Election Applications,
TX,2020,EAC correspondence,8. Total Federal Budget,19836190,1000000,6523891,20694570,0,1395156,0,0,49449807,12/21/2019,Until Expended,Election Applications,
TX,2020,EAC correspondence,11. NonFederal Match,2515809.5,50000,887880.5,2878623,0,69757.8,0,0,6402070.8,12/21/2019,Until Expended,Election Applications,
TX,2020,EAC correspondence,12. Total Program Budget,22351999.5,1050000,7411771.5,23573193,0,1464913.8,0,0,55851877.8,12/21/2019,Until Expended,Election Applications,
UT,2020,EAC correspondence,1. PERSONNEL (including fringe),0,0,0,0,0,0,0,0,0,12/21/2019,Until Expended,"Websites, Databases, and Physical Security",
UT,2020,EAC correspondence,2. EQUIPMENT,0,0,0,0,0,0,0,0,0,12/21/2019,Until Expended,"Websites, Databases, and Physical Security",
UT,2020,EAC correspondence,3. SUBGRANTS to local voting jurisdictions,1394447,0,0,0,0,1810000,0,0,3204447,12/21/2019,Until Expended,"Websites, Databases, and Physical Security",
UT,2020,EAC correspondence,4. TRAINING,0,0,0,0,0,0,0,0,0,12/21/2019,Until Expended,"Websites, Databases, and Physical Security",
UT,2020,EAC correspondence,5. All OTHER COSTS,0,16605,2100000,1483931,0,1910000,0,0,5510536,12/21/2019,Until Expended,"Websites, Databases, and Physical Security",
UT,2020,EAC correspondence,6. TOTAL DIRECT COSTS,1394447,16605,2100000,1483931,0,3720000,0,0,8714983,12/21/2019,Until Expended,"Websites, Databases, and Physical Security",
UT,2020,EAC correspondence,7. INDIRECT COSTS (if applied),0,0,0,0,0,0,0,0,0,12/21/2019,Until Expended,"Websites, Databases, and Physical Security",
UT,2020,EAC correspondence,8. Total Federal Budget,1394447,16605,2100000,1483931,0,3720000,0,0,8714983,12/21/2019,Until Expended,"Websites, Databases, and Physical Security",
UT,2020,EAC correspondence,11. NonFederal Match,1126339,0,0,0,0,0,0,0,1126339,12/21/2019,Until Expended,"Websites, Databases, and Physical Security",
UT,2020,EAC correspondence,12. Total Program Budget,2520786,16605,2100000,1483931,0,3720000,0,0,9841322,12/21/2019,Until Expended,"Websites, Databases, and Physical Security",
VA,2020,EAC correspondence,1. PERSONNEL (including fringe),648858,107400,11540613,4375531,0,1559717,0,0,18232119,12/21/2019,Until Expended,COOP/Emergency Plans,
VA,2020,EAC correspondence,2. EQUIPMENT,0,58500,523020,53903,0,168501,0,0,803924,12/21/2019,Until Expended,COOP/Emergency Plans,
VA,2020,EAC correspondence,3. SUBGRANTS to local voting jurisdictions,0,0,0,0,0,0,0,0,0,12/21/2019,Until Expended,COOP/Emergency Plans,
VA,2020,EAC correspondence,4. TRAINING,0,0,0,0,265000,0,0,0,265000,12/21/2019,Until Expended,COOP/Emergency Plans,
VA,2020,EAC correspondence,5. All OTHER COSTS,0,0,0,0,0,0,0,0,0,12/21/2019,Until Expended,COOP/Emergency Plans,
VA,2020,EAC correspondence,6. TOTAL DIRECT COSTS,648858,165900,12063633,4429434,265000,1728218,0,0,19301043,12/21/2019,Until Expended,COOP/Emergency Plans,
VA,2020,EAC correspondence,7. INDIRECT COSTS (if applied),0,0,0,0,0,0,0,0,0,12/21/2019,Until Expended,COOP/Emergency Plans,
VA,2020,EAC correspondence,8. Total Federal Budget,648858,165900,12063633,4429434,265000,1728218,0,0,19301043,12/21/2019,Until Expended,COOP/Emergency Plans,
VA,2020,EAC correspondence,11. NonFederal Match,0,0,2044063,454037,0,0,0,0,2498100,12/21/2019,Until Expended,COOP/Emergency Plans,
VA,2020,EAC correspondence,12. Total Program Budget,648858,165900,14107696,4883471,265000,1728218,0,0,21799143,12/21/2019,Until Expended,COOP/Emergency Plans,
VI,2020,EAC correspondence,1. PERSONNEL (including fringe),0,0,200000,0,0,0,0,0,200000,12/21/2019,Until Expended,,
VI,2020,EAC correspondence,2. EQUIPMENT,380000,10000,75000,50000,50000,200000,0,0,765000,12/21/2019,Until Expended,,
VI,2020,EAC correspondence,3. SUBGRANTS to local voting jurisdictions,0,0,0,0,0,0,0,0,0,12/21/2019,Until Expended,,
VI,2020,EAC correspondence,4. TRAINING,75000,0,10000,100000,50000,0,0,0,235000,12/21/2019,Until Expended,,
VI,2020,EAC correspondence,5. All OTHER COSTS,0,0,0,0,0,0,0,0,0,12/21/2019,Until Expended,,
VI,2020,EAC correspondence,6. TOTAL DIRECT COSTS,455000,10000,285000,150000,100000,200000,0,0,1200000,12/21/2019,Until Expended,,
VI,2020,EAC correspondence,7. INDIRECT COSTS (if applied),0,0,0,0,0,0,0,0,0,12/21/2019,Until Expended,,
VI,2020,EAC correspondence,8. Total Federal Budget,455000,10000,285000,150000,100000,200000,0,0,1200000,12/21/2019,Until Expended,,
VI,2020,EAC correspondence,11. NonFederal Match,0,0,0,0,0,0,0,0,0,12/21/2019,Until Expended,,
VI,2020,EAC correspondence,12. Total Program Budget,455000,10000,285000,150000,100000,200000,0,0,1200000,12/21/2019,Until Expended,,
VT,2020,EAC correspondence,1. PERSONNEL (including fringe),0,0,0,0,0,0,0,0,0,3/23/2018,12/20/2024,,
VT,2020,EAC correspondence,2. EQUIPMENT,3770000,120000,0,0,0,0,0,0,3890000,3/23/2018,12/20/2024,,
VT,2020,EAC correspondence,3. SUBGRANTS to local voting jurisdictions,0,0,0,0,0,0,0,0,0,3/23/2018,12/20/2024,,
VT,2020,EAC correspondence,4. TRAINING,0,0,0,100000,0,0,0,0,100000,3/23/2018,12/20/2024,,
VT,2020,EAC correspondence,5. All OTHER COSTS,0,0,0,1060000,0,950000,0,0,2010000,3/23/2018,12/20/2024,,
VT,2020,EAC correspondence,6. TOTAL DIRECT COSTS,3770000,120000,0,1160000,0,950000,0,0,6000000,3/23/2018,12/20/2024,,
VT,2020,EAC correspondence,7. INDIRECT COSTS (if applied),0,0,0,0,0,0,0,0,0,3/23/2018,12/20/2024,,
VT,2020,EAC correspondence,8. Total Federal Budget,3770000,120000,0,1160000,0,950000,0,0,6000000,3/23/2018,12/20/2024,,
VT,2020,EAC correspondence,11. NonFederal Match,0,0,150000,400000,0,200000,0,0,750000,3/23/2018,12/20/2024,,
VT,2020,EAC correspondence,12. Total Program Budget,3770000,120000,150000,1560000,0,1150000,0,0,6750000,3/23/2018,12/20/2024,,
WA,2020,EAC correspondence,1. PERSONNEL (including fringe),0,897744,897744,1795488,0,250000,0,0,4738720,3/23/2018,Until Expended,Administration,
WA,2020,EAC correspondence,2. EQUIPMENT,0,0,0,5119268,0,0,0,0,5119268,3/23/2018,Until Expended,Administration,
WA,2020,EAC correspondence,3. SUBGRANTS to local voting jurisdictions,2325918,0,0,3987287,332274,0,0,0,6645479,3/23/2018,Until Expended,Administration,
WA,2020,EAC correspondence,4. TRAINING,0,0,0,200000,0,0,0,0,400000,3/23/2018,Until Expended,Administration,
WA,2020,EAC correspondence,5. All OTHER COSTS,0,0,0,1000000,0,0,0,0,1000000,3/23/2018,Until Expended,Administration,
WA,2020,EAC correspondence,6. TOTAL DIRECT COSTS,2325918,897744,897744,12102043,332274,250000,0,0,17903467,3/23/2018,Until Expended,Administration,
WA,2020,EAC correspondence,7. INDIRECT COSTS (if applied),0,0,0,0,0,0,0,0,0,3/23/2018,Until Expended,Administration,
WA,2020,EAC correspondence,8. Total Federal Budget,2325918,897744,897744,12102043,332274,250000,0,0,17903467,3/23/2018,Until Expended,Administration,
WA,2020,EAC correspondence,11. NonFederal Match,465184,0,0,1643340,66455,0,0,0,2570367,3/23/2018,Until Expended,Administration,
WA,2020,EAC correspondence,12. Total Program Budget,2791102,897744,897744,13745383,398729,250000,0,0,20473834,3/23/2018,Until Expended,Administration,
WI,2020,EAC correspondence,1. PERSONNEL (including fringe),485700,11100,2943700,730700,1014100,1493500,0,0,6678800,3/23/2018,Until Expended,Administration,
WI,2020,EAC correspondence,2. EQUIPMENT,0,0,234600,53900,0,0,0,0,288500,3/23/2018,Until Expended,Administration,
WI,2020,EAC correspondence,3. SUBGRANTS to local voting jurisdictions,0,6700,0,4332400,0,0,0,0,4339100,3/23/2018,Until Expended,Administration,
WI,2020,EAC correspondence,4. TRAINING,1500,0,0,67900,49700,0,0,0,119100,3/23/2018,Until Expended,Administration,
WI,2020,EAC correspondence,5. All OTHER COSTS,3200,1400,271300,2389100,343600,394342,0,0,3402942,3/23/2018,Until Expended,Administration,
WI,2020,EAC correspondence,6. TOTAL DIRECT COSTS,490400,19200,3449600,7574000,1407400,1887842,0,0,14828442,3/23/2018,Until Expended,Administration,
WI,2020,EAC correspondence,7. INDIRECT COSTS (if applied),0,0,0,0,0,0,0,0,0,3/23/2018,Until Expended,Administration,
WI,2020,EAC correspondence,8. Total Federal Budget,490400,19200,3449600,7574000,1407400,1887842,0,0,14828442,3/23/2018,Until Expended,Administration,
WI,2020,EAC correspondence,11. NonFederal Match,0,80000,1118941,700000,20000,0,0,0,1918941,3/23/2018,Until Expended,Administration,
WI,2020,EAC correspondence,12. Total Program Budget,490400,99200,4568541,8274000,1427400,1887842,0,0,16747383,3/23/2018,Until Expended,Administration,
WV,2020,EAC correspondence,1. PERSONNEL (including fringe),0,0,0,0,0,0,0,0,0,3/23/2018,3/23/2023,HAVA Grant and Loan Board Distribution,
WV,2020,EAC correspondence,2. EQUIPMENT,0,0,0,0,0,0,0,0,0,3/23/2018,3/23/2023,HAVA Grant and Loan Board Distribution,
WV,2020,EAC correspondence,3. SUBGRANTS to local voting jurisdictions,0,0,0,0,0,7677563,0,0,7677563,3/23/2018,3/23/2023,HAVA Grant and Loan Board Distribution,
WV,2020,EAC correspondence,4. TRAINING,0,0,0,0,0,0,0,0,0,3/23/2018,3/23/2023,HAVA Grant and Loan Board Distribution,
WV,2020,EAC correspondence,5. All OTHER COSTS,0,0,0,0,0,0,0,0,0,3/23/2018,3/23/2023,HAVA Grant and Loan Board Distribution,
WV,2020,EAC correspondence,6. TOTAL DIRECT COSTS,0,0,0,0,0,7677563,0,0,7677563,3/23/2018,3/23/2023,HAVA Grant and Loan Board Distribution,
WV,2020,EAC correspondence,7. INDIRECT COSTS (if applied),0,0,0,0,0,0,0,0,0,3/23/2018,3/23/2023,HAVA Grant and Loan Board Distribution,
WV,2020,EAC correspondence,8. Total Federal Budget,0,0,0,0,0,7677563,0,0,7677563,3/23/2018,3/23/2023,HAVA Grant and Loan Board Distribution,
WV,2020,EAC correspondence,11. NonFederal Match,2439745.55,0,769500,2693.75,0,0,0,0,3211939.3,3/23/2018,3/23/2023,HAVA Grant and Loan Board Distribution,
WV,2020,EAC correspondence,12. Total Program Budget,2439745.55,0,769500,2693.75,0,7677563,0,0,10889502.3,3/23/2018,3/23/2023,HAVA Grant and Loan Board Distribution,
WY,2020,EAC correspondence,1. PERSONNEL (including fringe),0,0,0,0,0,0,0,0,0,3/23/2018,12/1/2024,,
WY,2020,EAC correspondence,2. EQUIPMENT,2925000,0,0,0,0,0,0,0,2925000,3/23/2018,12/1/2024,,
WY,2020,EAC correspondence,3. SUBGRANTS to local voting jurisdictions,0,0,0,0,0,0,0,0,0,3/23/2018,12/1/2024,,
WY,2020,EAC correspondence,4. TRAINING,0,0,0,300000,0,0,0,0,300000,3/23/2018,12/1/2024,,
WY,2020,EAC correspondence,5. All OTHER COSTS,0,0,1500000,1275000,0,0,0,0,2775000,3/23/2018,12/1/2024,,
WY,2020,EAC correspondence,6. TOTAL DIRECT COSTS,2925000,0,1500000,1575000,0,0,0,0,6000000,3/23/2018,12/1/2024,,
WY,2020,EAC correspondence,7. INDIRECT COSTS (if applied),0,0,0,0,0,0,0,0,0,3/23/2018,12/1/2024,,
WY,2020,EAC correspondence,8. Total Federal Budget,2925000,0,1500000,1575000,0,0,0,0,6000000,3/23/2018,12/1/2024,,
WY,2020,EAC correspondence,11. NonFederal Match,300000,0,0,0,0,0,0,0,300000,3/23/2018,12/1/2024,,
WY,2020,EAC correspondence,12. Total Program Budget,3225000,0,1500000,1575000,0,0,0,0,6300000,3/23/2018,12/1/2024,,
AK,2020,EAC correspondence,1. PERSONNEL (including fringe),0,0,0,450000,0,345000,795000,0,1590000,3/23/2018,12/1/2024,Information controls,
AK,2020,EAC correspondence,2. EQUIPMENT,0,0,0,40000,0,20000,60000,0,120000,3/23/2018,12/1/2024,Information controls,
AK,2020,EAC correspondence,3. SUBGRANTS to local voting jurisdictions,3000000,0,0,900000,0,450000,4350000,0,8700000,3/23/2018,12/1/2024,Information controls,
AK,2020,EAC correspondence,4. TRAINING,0,0,0,40000,0,40000,80000,0,160000,3/23/2018,12/1/2024,Information controls,
AK,2020,EAC correspondence,5. All OTHER COSTS,0,0,0,230000,0,160000,390000,0,780000,3/23/2018,12/1/2024,Information controls,
AK,2020,EAC correspondence,6. TOTAL DIRECT COSTS,3000000,0,0,1660000,0,1015000,5675000,0,11350000,3/23/2018,12/1/2024,Information controls,
AK,2020,EAC correspondence,7. INDIRECT COSTS (if applied),0,0,0,0,0,0,0,0,0,3/23/2018,12/1/2024,Information controls,
AK,2020,EAC correspondence,8. Total Federal Budget,3000000,0,0,1660000,0,1015000,325000,0,6000000,3/23/2018,12/1/2024,Information controls,
AK,2020,EAC correspondence,11. NonFederal Match,1626612,0,0,342000,0,204000,2172612,0,4345224,3/23/2018,12/1/2024,Information controls,
AK,2020,EAC correspondence,12. Total Program Budget,4626612,0,0,2002000,0,1219000,2497612,0,10345224,3/23/2018,12/1/2024,Information controls,
CO,2020,EAC correspondence,1. PERSONNEL (including fringe),0,0,0,1914000,0,0,1914000,0,3828000,3/23/2018,9/30/2025,,
CO,2020,EAC correspondence,2. EQUIPMENT,0,0,556888,0,0,0,556888,0,1113776,3/23/2018,9/30/2025,,
CO,2020,EAC correspondence,3. SUBGRANTS to local voting jurisdictions,30635.89,0,0,500000,0,231135.31,761771.2,0,1523542.4,3/23/2018,9/30/2025,,
CO,2020,EAC correspondence,4. TRAINING,0,0,0,0,0,348357.13,348357.13,0,696714.26,3/23/2018,9/30/2025,,
CO,2020,EAC correspondence,5. All OTHER COSTS,0,500000,7591467.58,751164.82,837569.39,215634,9895835.79,0,19791671.58,3/23/2018,9/30/2025,,
CO,2020,EAC correspondence,6. TOTAL DIRECT COSTS,30635.89,500000,8148355.58,3165164.82,837569.39,795126.44,13476852.12,0,26953704.24,3/23/2018,9/30/2025,,
CO,2020,EAC correspondence,7. INDIRECT COSTS (if applied),0,0,0,0,0,0,0,0,0,3/23/2018,9/30/2025,,
CO,2020,EAC correspondence,8. Total Federal Budget,30635.89,500000,8148355.58,3165164.82,837569.39,795126.44,13476852.12,0,26953704.24,3/23/2018,9/30/2025,,
CO,2020,EAC correspondence,11. NonFederal Match,2482.11,225217.22,1448850,0,0,92626.38,1769175.71,0,3538351.42,3/23/2018,9/30/2025,,
CO,2020,EAC correspondence,12. Total Program Budget,33118,725217.22,9597205.58,3165164.82,837569.39,887752.82,15246027.83,0,30492055.66,3/23/2018,9/30/2025,,
LA,2020,EAC correspondence,1. PERSONNEL (including fringe),0,0,0,0,0,0,0,0,0,3/23/2018,12/20/2024,,
LA,2020,EAC correspondence,2. EQUIPMENT,12512099,0,0,0,0,0,12512099,0,12512099,3/23/2018,12/20/2024,,
LA,2020,EAC correspondence,3. SUBGRANTS to local voting jurisdictions,0,0,0,0,0,0,0,0,0,3/23/2018,12/20/2024,,
LA,2020,EAC correspondence,4. TRAINING,0,0,0,0,0,0,0,0,0,3/23/2018,12/20/2024,,
LA,2020,EAC correspondence,5. All OTHER COSTS,0,0,0,0,0,0,0,0,0,3/23/2018,12/20/2024,,
LA,2020,EAC correspondence,6. TOTAL DIRECT COSTS,12512099,0,0,0,0,0,12512099,0,12512099,3/23/2018,12/20/2024,,
LA,2020,EAC correspondence,7. INDIRECT COSTS (if applied),0,0,0,0,0,0,0,0,0,3/23/2018,12/20/2024,,
LA,2020,EAC correspondence,8. Total Federal Budget,12512099,0,0,0,0,0,12512099,0,12512099,3/23/2018,12/20/2024,,
LA,2020,EAC correspondence,11. NonFederal Match,1618997,0,0,0,0,0,1618997,0,1618997,3/23/2018,12/20/2024,,
LA,2020,EAC correspondence,12. Total Program Budget,14131096,0,0,0,0,0,14131096,0,14131096,3/23/2018,12/20/2024,,
MS,2020,EAC correspondence,1. PERSONNEL (including fringe),0,0,0,0,0,0,0,0,0,3/23/2018,Until Expended,Polling place improvements,
MS,2020,EAC correspondence,2. EQUIPMENT,0,5000,463597,275000,0,0,743597,0,743597,3/23/2018,Until Expended,Polling place improvements,
MS,2020,EAC correspondence,3. SUBGRANTS to local voting jurisdictions,7025882,52508,200150,0,0,1500000,8778540,0,8778540,3/23/2018,Until Expended,Polling place improvements,
MS,2020,EAC correspondence,4. TRAINING,0,0,0,0,0,0,0,0,0,3/23/2018,Until Expended,Polling place improvements,
MS,2020,EAC correspondence,5. All OTHER COSTS,0,0,0,0,0,0,0,0,0,3/23/2018,Until Expended,Polling place improvements,
MS,2020,EAC correspondence,6. TOTAL DIRECT COSTS,7025882,57508,663747,275000,0,1500000,9522137,0,9522137,3/23/2018,Until Expended,Polling place improvements,
MS,2020,EAC correspondence,7. INDIRECT COSTS (if applied),0,0,0,0,0,0,0,0,0,3/23/2018,Until Expended,Polling place improvements,
MS,2020,EAC correspondence,8. Total Federal Budget,7025882,57508,663747,275000,0,1500000,9522137,0,9522137,3/23/2018,Until Expended,Polling place improvements,
MS,2020,EAC correspondence,11. NonFederal Match,224177,0,962373,45146,0,0,1231696,0,1231696,3/23/2018,Until Expended,Polling place improvements,
MS,2020,EAC correspondence,12. Total Program Budget,7250059,57508,1626120,320146,0,1500000,10753833,0,10753833,3/23/2018,Until Expended,Polling place improvements,
NE,2020,EAC correspondence,1. PERSONNEL (including fringe),0,0,0,0,302326,0,518326,0,518326,3/23/2018,Until Expended,Resoruces for voters with disabilities,Administration
NE,2020,EAC correspondence,2. EQUIPMENT,1313318,0,0,37160,0,0,1350478,0,1350478,3/23/2018,Until Expended,Resoruces for voters with disabilities,Administration
NE,2020,EAC correspondence,3. SUBGRANTS to local voting jurisdictions,0,0,0,0,0,0,0,0,0,3/23/2018,Until Expended,Resoruces for voters with disabilities,Administration
NE,2020,EAC correspondence,4. TRAINING,0,0,0,0,79588,0,79588,0,79588,3/23/2018,Until Expended,Resoruces for voters with disabilities,Administration
NE,2020,EAC correspondence,5. All OTHER COSTS,3925332,0,478515,868554,0,186120,5473876,0,5473876,3/23/2018,Until Expended,Resoruces for voters with disabilities,Administration
NE,2020,EAC correspondence,6. TOTAL DIRECT COSTS,5238650,0,478515,905714,381914,186120,7422268,0,7422268,3/23/2018,Until Expended,Resoruces for voters with disabilities,Administration
NE,2020,EAC correspondence,7. INDIRECT COSTS (if applied),0,0,0,0,0,0,0,0,0,3/23/2018,Until Expended,Resoruces for voters with disabilities,Administration
NE,2020,EAC correspondence,8. Total Federal Budget,5238650,0,478515,905714,381914,186120,7422268,0,7422268,3/23/2018,Until Expended,Resoruces for voters with disabilities,Administration
NE,2020,EAC correspondence,11. NonFederal Match,775498,0,184415,0,0,0,959913,0,959913,3/23/2018,Until Expended,Resoruces for voters with disabilities,Administration
NE,2020,EAC correspondence,12. Total Program Budget,6014148,0,662930,905714,381914,186120,8382181,0,8382181,3/23/2018,Until Expended,Resoruces for voters with disabilities,Administration
NH,2020,EAC correspondence,1. PERSONNEL (including fringe),127117,0,1179827,860000,0,700000,3466228,0,3466228,3/23/2018,Until Expended,Improve administration of elections,Enhance election technology; voter and election official education
NH,2020,EAC correspondence,2. EQUIPMENT,6689,0,0,0,0,0,210860,0,210860,3/23/2018,Until Expended,Improve administration of elections,Enhance election technology; voter and election official education
NH,2020,EAC correspondence,3. SUBGRANTS to local voting jurisdictions,0,0,0,0,0,0,0,0,0,3/23/2018,Until Expended,Improve administration of elections,Enhance election technology; voter and election official education
NH,2020,EAC correspondence,4. TRAINING,0,0,0,0,0,0,0,0,0,3/23/2018,Until Expended,Improve administration of elections,Enhance election technology; voter and election official education
NH,2020,EAC correspondence,5. All OTHER COSTS,494705,0,521778,925000,0,700000,2905534,0,2905534,3/23/2018,Until Expended,Improve administration of elections,Enhance election technology; voter and election official education
NH,2020,EAC correspondence,6. TOTAL DIRECT COSTS,628511,0,1701605,1785000,0,1400000,6582622,0,6582622,3/23/2018,Until Expended,Improve administration of elections,Enhance election technology; voter and election official education
NH,2020,EAC correspondence,7. INDIRECT COSTS (if applied),53000,0,150000,100069,0,120000,513808,0,513808,3/23/2018,Until Expended,Improve administration of elections,Enhance election technology; voter and election official education
NH,2020,EAC correspondence,8. Total Federal Budget,681511,0,1851605,1885069,0,1520000,7096430,0,7096430,3/23/2018,Until Expended,Improve administration of elections,Enhance election technology; voter and election official education
NH,2020,EAC correspondence,11. NonFederal Match,0,0,0,290000,0,3000,337381,0,337381,3/23/2018,Until Expended,Improve administration of elections,Enhance election technology; voter and election official education
NH,2020,EAC correspondence,12. Total Program Budget,681511,0,1851605,2175069,0,1523000,7433811,0,7433811,3/23/2018,Until Expended,Improve administration of elections,Enhance election technology; voter and election official education
RI,2020,EAC correspondence,1. PERSONNEL (including fringe),0,0,0,300000,0,0,300000,0,300000,3/23/2018,Until Expended,Polling place and election day operations and election administration,Facility security
RI,2020,EAC correspondence,2. EQUIPMENT,826770,316230,2150000,1123180,0,0,4566180,0,4566180,3/23/2018,Until Expended,Polling place and election day operations and election administration,Facility security
RI,2020,EAC correspondence,3. SUBGRANTS to local voting jurisdictions,0,0,0,100000,0,0,100000,0,100000,3/23/2018,Until Expended,Polling place and election day operations and election administration,Facility security
RI,2020,EAC correspondence,4. TRAINING,0,75000,0,0,0,60000,135000,0,135000,3/23/2018,Until Expended,Polling place and election day operations and election administration,Facility security
RI,2020,EAC correspondence,5. All OTHER COSTS,0,0,0,1030000,0,85000,1115000,0,1115000,3/23/2018,Until Expended,Polling place and election day operations and election administration,Facility security
RI,2020,EAC correspondence,6. TOTAL DIRECT COSTS,826770,391230,2150000,2553180,0,145000,6216180,0,6216180,3/23/2018,Until Expended,Polling place and election day operations and election administration,Facility security
RI,2020,EAC correspondence,7. INDIRECT COSTS (if applied),0,0,0,0,0,0,0,0,0,3/23/2018,Until Expended,Polling place and election day operations and election administration,Facility security
RI,2020,EAC correspondence,8. Total Federal Budget,826770,391230,2150000,2553180,0,145000,6216180,0,6216180,3/23/2018,Until Expended,Polling place and election day operations and election administration,Facility security
RI,2020,EAC correspondence,11. NonFederal Match,793236,0,0,0,0,0,793236,0,793236,3/23/2018,Until Expended,Polling place and election day operations and election administration,Facility security
RI,2020,EAC correspondence,12. Total Program Budget,1620006,391230,2150000,2553180,0,145000,7009416,0,7009416,3/23/2018,Until Expended,Polling place and election day operations and election administration,Facility security
